School DBN,# of students over five active on register,# of students w/ at least one dose,% w/ at least one dose,# of students fully vaccinated,% fully vaccinated
01M015,169,62,0.367,53,0.314
01M019,168,79,0.47,65,0.387
01M020,307,159,0.518,123,0.401
01M034,244,99,0.406,71,0.291
01M063,161,76,0.472,58,0.36
01M064,185,77,0.416,66,0.357
01M110,296,164,0.554,153,0.517
01M134,165,58,0.352,41,0.248
01M140,325,158,0.486,126,0.388
01M142,283,101,0.357,75,0.265
01M184,674,579,0.859,545,0.809
01M188,377,141,0.374,104,0.276
01M292,284,203,0.715,180,0.634
01M315,282,220,0.78,206,0.73
01M332,191,136,0.712,114,0.597
01M361,252,168,0.667,142,0.563
01M363,221,178,0.805,156,0.706
01M364,219,125,0.571,111,0.507
01M378,170,107,0.629,90,0.529
01M448,510,409,0.802,380,0.745
01M450,693,562,0.811,528,0.762
01M458,125,72,0.576,47,0.376
01M515,469,292,0.623,215,0.458
01M539,1629,1435,0.881,1370,0.841
01M650,116,54,0.466,34,0.293
01M696,604,553,0.916,539,0.892
01M839,326,249,0.764,231,0.709
02M001,189,111,0.587,89,0.471
02M002,344,238,0.692,207,0.602
02M003,523,407,0.778,371,0.709
02M006,501,423,0.844,383,0.764
02M011,716,581,0.811,545,0.761
02M033,482,311,0.645,276,0.573
02M040,586,462,0.788,436,0.744
02M041,435,370,0.851,337,0.775
02M042,476,407,0.855,382,0.803
02M047,233,189,0.811,169,0.725
02M051,374,202,0.54,180,0.481
02M059,520,417,0.802,373,0.717
02M077,346,312,0.902,285,0.824
02M089,313,269,0.859,240,0.767
02M104,905,773,0.854,735,0.812
02M111,302,170,0.563,123,0.407
02M114,418,361,0.864,336,0.804
02M116,346,252,0.728,223,0.645
02M124,538,465,0.864,420,0.781
02M126,578,455,0.787,406,0.702
02M130,620,526,0.848,471,0.76
02M131,226,183,0.81,170,0.752
02M135,285,204,0.716,183,0.642
02M139,388,282,0.727,250,0.644
02M150,141,119,0.844,111,0.787
02M151,338,241,0.713,217,0.642
02M158,599,480,0.801,432,0.721
02M167,1144,964,0.843,912,0.797
02M177,221,180,0.814,175,0.792
02M183,479,435,0.908,392,0.818
02M198,387,277,0.716,252,0.651
02M212,257,179,0.696,162,0.63
02M217,655,505,0.771,470,0.718
02M225,290,209,0.721,196,0.676
02M234,453,409,0.903,376,0.83
02M255,337,302,0.896,289,0.858
02M260,767,709,0.924,678,0.884
02M267,379,304,0.802,272,0.718
02M276,712,597,0.838,559,0.785
02M280,461,357,0.774,323,0.701
02M281,397,302,0.761,276,0.695
02M282,503,409,0.813,380,0.755
02M288,421,314,0.746,289,0.686
02M289,234,208,0.889,195,0.833
02M290,361,293,0.812,273,0.756
02M294,348,284,0.816,267,0.767
02M296,233,171,0.734,147,0.631
02M297,602,473,0.786,431,0.716
02M298,558,435,0.78,398,0.713
02M300,244,175,0.717,156,0.639
02M303,325,233,0.717,206,0.634
02M305,328,249,0.759,219,0.668
02M308,341,249,0.73,222,0.651
02M312,534,487,0.912,467,0.875
02M313,144,63,0.438,41,0.285
02M316,111,82,0.739,72,0.649
02M340,276,219,0.793,201,0.728
02M343,331,252,0.761,229,0.692
02M347,147,100,0.68,84,0.571
02M374,504,394,0.782,360,0.714
02M376,466,434,0.931,415,0.891
02M392,391,264,0.675,216,0.552
02M393,457,321,0.702,275,0.602
02M394,274,168,0.613,111,0.405
02M397,414,359,0.867,343,0.829
02M399,204,157,0.77,135,0.662
02M400,1089,907,0.833,841,0.772
02M407,487,431,0.885,414,0.85
02M408,542,467,0.862,446,0.823
02M411,480,453,0.944,444,0.925
02M412,486,449,0.924,439,0.903
02M413,716,643,0.898,621,0.867
02M414,492,450,0.915,432,0.878
02M416,538,500,0.929,485,0.901
02M418,645,590,0.915,580,0.899
02M419,342,254,0.743,222,0.649
02M420,1677,1392,0.83,1314,0.784
02M422,551,410,0.744,383,0.695
02M425,277,220,0.794,188,0.679
02M427,222,166,0.748,122,0.55
02M432,245,196,0.8,177,0.722
02M437,300,225,0.75,200,0.667
02M438,317,225,0.71,188,0.593
02M439,434,388,0.894,372,0.857
02M442,125,109,0.872,104,0.832
02M449,409,317,0.775,298,0.729
02M459,323,230,0.712,198,0.613
02M475,3313,3133,0.946,3065,0.925
02M489,700,559,0.799,513,0.733
02M500,313,245,0.783,209,0.668
02M507,445,349,0.784,319,0.717
02M519,480,409,0.852,390,0.813
02M520,113,70,0.619,63,0.558
02M527,440,359,0.816,309,0.702
02M529,195,150,0.769,133,0.682
02M531,233,202,0.867,196,0.841
02M533,428,351,0.82,334,0.78
02M534,412,328,0.796,300,0.728
02M542,477,398,0.834,357,0.748
02M543,484,361,0.746,323,0.667
02M544,313,149,0.476,92,0.294
02M545,373,343,0.92,332,0.89
02M546,442,339,0.767,317,0.717
02M550,425,253,0.595,168,0.395
02M551,512,409,0.799,387,0.756
02M560,501,300,0.599,221,0.441
02M565,151,125,0.828,110,0.728
02M570,174,87,0.5,52,0.299
02M575,638,296,0.464,170,0.266
02M580,278,213,0.766,191,0.687
02M586,66,42,0.636,30,0.455
02M600,1662,1281,0.771,1181,0.711
02M605,255,219,0.859,199,0.78
02M615,426,325,0.763,297,0.697
02M630,1500,1242,0.828,1191,0.794
02M655,329,231,0.702,210,0.638
02M896,343,291,0.848,275,0.802
02M933,120,71,0.592,57,0.475
03M009,457,383,0.838,361,0.79
03M054,758,666,0.879,623,0.822
03M075,443,279,0.63,229,0.517
03M076,266,139,0.523,102,0.383
03M084,480,364,0.758,316,0.658
03M087,624,535,0.857,507,0.813
03M145,347,158,0.455,129,0.372
03M149,241,109,0.452,87,0.361
03M163,386,251,0.65,223,0.578
03M165,316,172,0.544,141,0.446
03M166,588,495,0.842,464,0.789
03M180,339,188,0.555,155,0.457
03M185,234,92,0.393,76,0.325
03M191,439,205,0.467,159,0.362
03M199,549,465,0.847,443,0.807
03M241,94,31,0.33,27,0.287
03M242,115,46,0.4,31,0.27
03M243,259,221,0.853,215,0.83
03M245,368,309,0.84,287,0.78
03M247,207,160,0.773,151,0.729
03M250,95,56,0.589,46,0.484
03M256,152,110,0.724,100,0.658
03M258,173,126,0.728,116,0.671
03M291,714,634,0.888,598,0.838
03M299,120,85,0.708,73,0.608
03M307,359,274,0.763,244,0.68
03M333,499,376,0.754,364,0.729
03M334,509,455,0.894,428,0.841
03M402,258,202,0.783,183,0.709
03M403,414,302,0.729,266,0.643
03M404,105,60,0.571,37,0.352
03M415,381,260,0.682,229,0.601
03M417,403,362,0.898,346,0.859
03M421,157,87,0.554,76,0.484
03M452,310,228,0.735,208,0.671
03M479,1496,1386,0.926,1333,0.891
03M485,2350,2114,0.9,2019,0.859
03M492,396,288,0.727,251,0.634
03M494,439,315,0.718,287,0.654
03M505,197,106,0.538,68,0.345
03M541,434,392,0.903,376,0.866
03M859,294,258,0.878,242,0.823
03M860,351,208,0.593,179,0.51
03M862,360,270,0.75,253,0.703
04M007,285,123,0.432,95,0.333
04M012,534,445,0.833,410,0.768
04M037,188,79,0.42,59,0.314
04M038,147,35,0.238,25,0.17
04M057,534,278,0.521,230,0.431
04M072,515,265,0.515,207,0.402
04M083,305,125,0.41,103,0.338
04M096,334,171,0.512,128,0.383
04M102,136,68,0.5,49,0.36
04M108,345,157,0.455,123,0.357
04M112,185,90,0.486,71,0.384
04M146,283,92,0.325,67,0.237
04M155,182,46,0.253,34,0.187
04M171,679,364,0.536,329,0.485
04M182,221,114,0.516,96,0.434
04M206,450,276,0.613,239,0.531
04M224,178,129,0.725,114,0.64
04M310,129,86,0.667,65,0.504
04M372,465,315,0.677,274,0.589
04M375,170,49,0.288,33,0.194
04M377,184,107,0.582,84,0.457
04M435,1547,1355,0.876,1286,0.831
04M495,358,308,0.86,296,0.827
04M497,132,81,0.614,74,0.561
04M555,503,449,0.893,427,0.849
04M610,454,372,0.819,348,0.767
04M680,301,206,0.684,193,0.641
04M825,310,189,0.61,169,0.545
04M964,366,235,0.642,185,0.505
05M030,148,63,0.426,45,0.304
05M036,228,84,0.368,61,0.268
05M046,440,166,0.377,119,0.27
05M092,191,57,0.298,38,0.199
05M123,372,161,0.433,98,0.263
05M125,250,152,0.608,133,0.532
05M129,199,82,0.412,66,0.332
05M133,167,71,0.425,52,0.311
05M148,250,142,0.568,118,0.472
05M154,180,68,0.378,52,0.289
05M157,176,97,0.551,82,0.466
05M161,615,302,0.491,219,0.356
05M175,248,91,0.367,59,0.238
05M194,155,46,0.297,33,0.213
05M197,186,61,0.328,37,0.199
05M200,254,78,0.307,52,0.205
05M285,160,84,0.525,59,0.369
05M286,78,34,0.436,29,0.372
05M304,194,120,0.619,105,0.541
05M318,177,67,0.379,54,0.305
05M362,647,570,0.881,552,0.853
05M369,318,200,0.629,172,0.541
05M371,118,47,0.398,34,0.288
05M499,872,552,0.633,476,0.546
05M514,100,51,0.51,42,0.42
05M517,316,196,0.62,168,0.532
05M670,506,319,0.63,267,0.528
05M692,519,489,0.942,483,0.931
06M004,390,152,0.39,112,0.287
06M005,399,171,0.429,145,0.363
06M008,318,152,0.478,127,0.399
06M018,284,156,0.549,110,0.387
06M028,391,150,0.384,110,0.281
06M048,298,118,0.396,94,0.315
06M052,192,134,0.698,120,0.625
06M098,248,85,0.343,59,0.238
06M103,407,249,0.612,209,0.514
06M115,361,147,0.407,110,0.305
06M128,445,205,0.461,163,0.366
06M132,156,52,0.333,33,0.212
06M143,206,129,0.626,103,0.5
06M152,414,152,0.367,110,0.266
06M153,340,123,0.362,98,0.288
06M173,322,109,0.339,84,0.261
06M178,254,128,0.504,109,0.429
06M187,729,514,0.705,472,0.647
06M189,439,165,0.376,109,0.248
06M192,252,89,0.353,66,0.262
06M209,314,234,0.745,205,0.653
06M210,397,203,0.511,155,0.39
06M211,403,314,0.779,273,0.677
06M223,248,187,0.754,173,0.698
06M278,407,235,0.577,211,0.518
06M293,580,474,0.817,439,0.757
06M311,393,215,0.547,191,0.486
06M314,241,182,0.755,170,0.705
06M319,276,185,0.67,162,0.587
06M322,268,159,0.593,133,0.496
06M324,274,181,0.661,153,0.558
06M328,148,96,0.649,91,0.615
06M346,628,452,0.72,408,0.65
06M348,905,608,0.672,546,0.603
06M349,77,52,0.675,36,0.468
06M366,463,241,0.521,206,0.445
06M368,180,100,0.556,87,0.483
06M423,147,92,0.626,70,0.476
06M462,286,205,0.717,178,0.622
06M463,326,215,0.66,188,0.577
06M467,373,259,0.694,223,0.598
06M468,367,259,0.706,235,0.64
06M513,181,119,0.657,99,0.547
06M528,236,138,0.585,107,0.453
06M540,1404,1086,0.774,958,0.682
06M552,535,382,0.714,326,0.609
07X001,423,147,0.348,100,0.236
07X005,543,240,0.442,175,0.322
07X018,356,121,0.34,86,0.242
07X025,449,162,0.361,106,0.236
07X029,684,258,0.377,189,0.276
07X030,389,117,0.301,83,0.213
07X031,614,268,0.436,208,0.339
07X043,270,101,0.374,60,0.222
07X049,486,152,0.313,108,0.222
07X065,225,71,0.316,42,0.187
07X154,229,80,0.349,62,0.271
07X157,449,142,0.316,95,0.212
07X161,294,113,0.384,69,0.235
07X179,196,62,0.316,36,0.184
07X221,627,434,0.692,371,0.592
07X223,642,482,0.751,438,0.682
07X224,232,134,0.578,109,0.47
07X259,649,453,0.698,399,0.615
07X277,274,93,0.339,48,0.175
07X296,221,119,0.538,96,0.434
07X298,164,99,0.604,81,0.494
07X334,361,246,0.681,200,0.554
07X343,292,171,0.586,148,0.507
07X359,208,79,0.38,55,0.264
07X369,193,72,0.373,46,0.238
07X379,170,69,0.406,53,0.312
07X381,97,46,0.474,24,0.247
07X427,283,203,0.717,178,0.629
07X473,193,121,0.627,101,0.523
07X495,565,486,0.86,454,0.804
07X500,535,408,0.763,368,0.688
07X522,249,162,0.651,132,0.53
07X527,443,316,0.713,266,0.6
07X548,487,320,0.657,257,0.528
07X551,527,305,0.579,260,0.493
07X557,226,130,0.575,99,0.438
07X584,223,125,0.561,100,0.448
07X600,426,294,0.69,263,0.617
07X625,113,82,0.726,74,0.655
07X670,286,200,0.699,170,0.594
08X014,547,166,0.303,124,0.227
08X036,678,304,0.448,231,0.341
08X048,431,145,0.336,96,0.223
08X062,450,162,0.36,111,0.247
08X069,486,173,0.356,107,0.22
08X071,1254,531,0.423,450,0.359
08X072,580,214,0.369,172,0.297
08X075,414,159,0.384,114,0.275
08X093,267,85,0.318,57,0.213
08X100,401,162,0.404,115,0.287
08X101,533,326,0.612,295,0.553
08X107,448,146,0.326,98,0.219
08X119,546,253,0.463,190,0.348
08X123,547,323,0.59,275,0.503
08X130,286,96,0.336,73,0.255
08X131,345,194,0.562,158,0.458
08X138,472,165,0.35,122,0.258
08X140,380,175,0.461,135,0.355
08X146,321,135,0.421,89,0.277
08X152,666,265,0.398,206,0.309
08X182,457,163,0.357,105,0.23
08X269,616,435,0.706,383,0.622
08X282,194,105,0.541,93,0.479
08X293,411,273,0.664,243,0.591
08X301,174,96,0.552,82,0.471
08X302,398,221,0.555,186,0.467
08X304,464,183,0.394,144,0.31
08X312,381,264,0.693,233,0.612
08X320,322,221,0.686,195,0.606
08X333,492,190,0.386,138,0.28
08X337,437,280,0.641,243,0.556
08X348,347,210,0.605,185,0.533
08X349,420,308,0.733,272,0.648
08X367,552,346,0.627,297,0.538
08X371,356,219,0.615,191,0.537
08X375,192,85,0.443,65,0.339
08X376,404,252,0.624,208,0.515
08X377,91,44,0.484,30,0.33
08X392,371,135,0.364,98,0.264
08X405,1008,698,0.692,610,0.605
08X424,284,162,0.57,126,0.444
08X432,323,220,0.681,182,0.563
08X448,346,204,0.59,168,0.486
08X452,304,180,0.592,142,0.467
08X467,349,175,0.501,143,0.41
08X530,347,254,0.732,222,0.64
08X537,157,72,0.459,42,0.268
08X558,451,324,0.718,290,0.643
08X561,378,237,0.627,195,0.516
08X562,530,339,0.64,293,0.553
08X583,318,148,0.465,118,0.371
09X004,332,118,0.355,82,0.247
09X011,397,125,0.315,90,0.227
09X022,318,176,0.553,140,0.44
09X028,562,231,0.411,175,0.311
09X035,451,190,0.421,127,0.282
09X042,298,108,0.362,69,0.232
09X053,642,213,0.332,141,0.22
09X055,446,130,0.291,93,0.209
09X058,299,107,0.358,55,0.184
09X063,379,109,0.288,72,0.19
09X070,782,291,0.372,205,0.262
09X073,289,102,0.353,72,0.249
09X088,92,22,0.239,17,0.185
09X109,405,129,0.319,93,0.23
09X110,316,97,0.307,70,0.222
09X114,483,190,0.393,121,0.251
09X117,400,243,0.608,208,0.52
09X126,467,153,0.328,99,0.212
09X128,316,216,0.684,186,0.589
09X132,309,79,0.256,52,0.168
09X163,269,103,0.383,65,0.242
09X170,161,49,0.304,27,0.168
09X199,493,163,0.331,110,0.223
09X204,513,205,0.4,145,0.283
09X215,277,149,0.538,125,0.451
09X218,874,480,0.549,388,0.444
09X219,249,140,0.562,115,0.462
09X227,375,288,0.768,253,0.675
09X229,181,84,0.464,70,0.387
09X231,460,303,0.659,260,0.565
09X232,327,189,0.578,151,0.462
09X236,215,75,0.349,51,0.237
09X241,586,399,0.681,337,0.575
09X250,371,283,0.763,255,0.687
09X252,323,230,0.712,211,0.653
09X260,396,307,0.775,278,0.702
09X263,272,200,0.735,175,0.643
09X274,415,135,0.325,90,0.217
09X294,419,128,0.305,86,0.205
09X297,449,320,0.713,279,0.621
09X303,311,198,0.637,162,0.521
09X311,273,127,0.465,84,0.308
09X313,214,118,0.551,100,0.467
09X323,313,175,0.559,145,0.463
09X324,401,278,0.693,254,0.633
09X327,658,485,0.737,440,0.669
09X328,225,128,0.569,107,0.476
09X329,319,203,0.636,175,0.549
09X339,223,131,0.587,110,0.493
09X350,131,76,0.58,64,0.489
09X361,371,238,0.642,188,0.507
09X365,381,273,0.717,235,0.617
09X403,340,232,0.682,196,0.576
09X404,118,67,0.568,55,0.466
09X412,291,204,0.701,169,0.581
09X413,465,342,0.735,303,0.652
09X443,383,117,0.305,86,0.225
09X449,351,136,0.387,103,0.293
09X454,368,226,0.614,201,0.546
09X457,405,165,0.407,101,0.249
09X505,724,531,0.733,476,0.657
09X517,254,169,0.665,131,0.516
09X525,343,243,0.708,202,0.589
09X543,164,108,0.659,89,0.543
09X555,375,147,0.392,122,0.325
09X564,357,233,0.653,186,0.521
09X568,529,406,0.767,365,0.69
09X593,148,99,0.669,84,0.568
09X594,199,110,0.553,92,0.462
10X003,274,134,0.489,115,0.42
10X007,423,166,0.392,122,0.288
10X008,706,278,0.394,217,0.307
10X009,615,224,0.364,161,0.262
10X015,401,214,0.534,175,0.436
10X020,789,352,0.446,271,0.343
10X023,341,123,0.361,90,0.264
10X024,719,471,0.655,421,0.586
10X032,587,223,0.38,158,0.269
10X033,707,276,0.39,181,0.256
10X037,496,217,0.438,170,0.343
10X045,561,338,0.602,299,0.533
10X046,665,275,0.414,196,0.295
10X051,126,50,0.397,34,0.27
10X054,346,119,0.344,82,0.237
10X056,617,267,0.433,215,0.348
10X059,413,135,0.327,88,0.213
10X077,481,206,0.428,157,0.326
10X080,570,300,0.526,246,0.432
10X081,683,376,0.551,320,0.469
10X085,667,290,0.435,210,0.315
10X086,1329,472,0.355,347,0.261
10X091,444,162,0.365,111,0.25
10X094,922,361,0.392,265,0.287
10X095,981,462,0.471,380,0.387
10X118,770,529,0.687,459,0.596
10X141,1423,1051,0.739,976,0.686
10X159,154,58,0.377,41,0.266
10X205,693,267,0.385,205,0.296
10X206,207,118,0.57,92,0.444
10X207,323,90,0.279,66,0.204
10X209,195,49,0.251,38,0.195
10X213,384,268,0.698,232,0.604
10X225,533,365,0.685,324,0.608
10X226,314,94,0.299,66,0.21
10X228,264,185,0.701,170,0.644
10X237,307,217,0.707,189,0.616
10X243,646,449,0.695,407,0.63
10X244,637,417,0.655,346,0.543
10X246,541,195,0.36,142,0.262
10X254,452,267,0.591,225,0.498
10X264,423,299,0.707,270,0.638
10X268,276,171,0.62,138,0.5
10X279,775,359,0.463,281,0.363
10X280,725,315,0.434,250,0.345
10X284,321,210,0.654,175,0.545
10X291,451,171,0.379,105,0.233
10X306,493,163,0.331,127,0.258
10X307,252,122,0.484,84,0.333
10X308,249,149,0.598,127,0.51
10X310,481,154,0.32,100,0.208
10X315,196,104,0.531,84,0.429
10X319,138,59,0.428,31,0.225
10X331,401,218,0.544,184,0.459
10X340,449,161,0.359,122,0.272
10X342,475,342,0.72,285,0.6
10X344,306,150,0.49,129,0.422
10X351,501,340,0.679,296,0.591
10X353,591,467,0.79,428,0.724
10X360,316,97,0.307,59,0.187
10X363,719,462,0.643,404,0.562
10X368,937,685,0.731,599,0.639
10X374,376,282,0.75,246,0.654
10X382,238,84,0.353,56,0.235
10X386,395,152,0.385,112,0.284
10X390,471,282,0.599,243,0.516
10X391,365,202,0.553,164,0.449
10X396,212,85,0.401,59,0.278
10X397,270,181,0.67,144,0.533
10X433,387,282,0.729,241,0.623
10X434,387,297,0.767,276,0.713
10X437,389,300,0.771,273,0.702
10X438,396,290,0.732,261,0.659
10X439,395,293,0.742,263,0.666
10X440,997,721,0.723,657,0.659
10X442,424,356,0.84,333,0.785
10X445,2974,2809,0.945,2750,0.925
10X447,436,280,0.642,241,0.553
10X477,436,350,0.803,323,0.741
10X524,324,219,0.676,173,0.534
10X546,256,167,0.652,139,0.543
10X549,410,309,0.754,278,0.678
10X565,416,284,0.683,236,0.567
10X696,405,375,0.926,363,0.896
11X016,254,107,0.421,79,0.311
11X019,577,259,0.449,218,0.378
11X021,504,166,0.329,120,0.238
11X041,651,225,0.346,156,0.24
11X068,431,149,0.346,107,0.248
11X076,690,240,0.348,166,0.241
11X078,580,197,0.34,150,0.259
11X083,1635,586,0.358,474,0.29
11X087,345,111,0.322,84,0.243
11X089,1241,536,0.432,413,0.333
11X096,791,226,0.286,163,0.206
11X097,471,195,0.414,161,0.342
11X103,740,275,0.372,196,0.265
11X105,700,244,0.349,182,0.26
11X106,845,451,0.534,374,0.443
11X108,499,169,0.339,139,0.279
11X111,441,164,0.372,113,0.256
11X112,334,98,0.293,69,0.207
11X121,548,210,0.383,154,0.281
11X127,808,550,0.681,486,0.601
11X144,415,222,0.535,179,0.431
11X153,451,236,0.523,195,0.432
11X160,300,122,0.407,100,0.333
11X169,296,105,0.355,68,0.23
11X175,240,117,0.488,91,0.379
11X178,300,130,0.433,103,0.343
11X180,838,535,0.638,465,0.555
11X181,733,483,0.659,432,0.589
11X189,264,93,0.352,67,0.254
11X194,1142,636,0.557,551,0.482
11X249,342,251,0.734,222,0.649
11X253,219,130,0.594,104,0.475
11X265,261,167,0.64,148,0.567
11X270,387,241,0.623,216,0.558
11X275,482,339,0.703,305,0.633
11X287,377,186,0.493,140,0.371
11X288,566,413,0.73,363,0.641
11X290,356,232,0.652,194,0.545
11X299,443,319,0.72,291,0.657
11X326,365,196,0.537,161,0.441
11X355,259,138,0.533,111,0.429
11X357,335,137,0.409,113,0.337
11X370,403,197,0.489,167,0.414
11X418,419,264,0.63,233,0.556
11X455,2085,1462,0.701,1316,0.631
11X462,202,117,0.579,106,0.525
11X468,280,154,0.55,131,0.468
11X481,280,78,0.279,52,0.186
11X483,240,78,0.325,57,0.238
11X498,578,273,0.472,238,0.412
11X508,399,274,0.687,239,0.599
11X509,341,204,0.598,170,0.499
11X513,314,196,0.624,166,0.529
11X514,340,201,0.591,169,0.497
11X529,320,210,0.656,185,0.578
11X532,286,165,0.577,142,0.497
11X542,488,362,0.742,321,0.658
11X544,268,172,0.642,141,0.526
11X545,177,108,0.61,88,0.497
11X556,396,199,0.503,163,0.412
11X566,338,174,0.515,143,0.423
11X567,344,143,0.416,114,0.331
12X006,419,140,0.334,93,0.222
12X044,199,68,0.342,47,0.236
12X047,836,317,0.379,223,0.267
12X057,387,150,0.388,109,0.282
12X061,210,76,0.362,51,0.243
12X066,423,123,0.291,70,0.165
12X067,325,121,0.372,76,0.234
12X098,162,102,0.63,88,0.543
12X129,383,223,0.582,177,0.462
12X134,412,129,0.313,68,0.165
12X150,520,189,0.363,124,0.238
12X190,239,144,0.603,116,0.485
12X195,757,261,0.345,176,0.232
12X196,661,291,0.44,207,0.313
12X211,387,188,0.486,149,0.385
12X214,901,401,0.445,313,0.347
12X217,260,148,0.569,120,0.462
12X242,667,496,0.744,459,0.688
12X248,155,109,0.703,95,0.613
12X251,313,209,0.668,187,0.597
12X267,514,384,0.747,339,0.66
12X271,562,388,0.69,333,0.593
12X273,233,121,0.519,92,0.395
12X286,264,142,0.538,115,0.436
12X300,437,145,0.332,82,0.188
12X314,192,61,0.318,38,0.198
12X316,313,192,0.613,165,0.527
12X318,170,104,0.612,85,0.5
12X341,287,159,0.554,132,0.46
12X383,365,226,0.619,196,0.537
12X388,339,250,0.737,211,0.622
12X446,165,91,0.552,67,0.406
12X458,225,95,0.422,64,0.284
12X463,331,116,0.35,84,0.254
12X478,353,279,0.79,257,0.728
12X479,272,180,0.662,152,0.559
12X480,106,44,0.415,27,0.255
12X511,335,224,0.669,192,0.573
12X521,431,304,0.705,270,0.626
12X531,321,127,0.396,95,0.296
12X536,299,128,0.428,79,0.264
12X550,312,231,0.74,200,0.641
12X595,250,79,0.316,44,0.176
12X682,450,289,0.642,254,0.564
12X684,274,164,0.599,140,0.511
12X691,279,134,0.48,93,0.333
13K003,207,84,0.406,57,0.275
13K008,569,514,0.903,479,0.842
13K009,644,439,0.682,397,0.616
13K011,754,463,0.614,414,0.549
13K020,510,340,0.667,313,0.614
13K044,104,25,0.24,15,0.144
13K046,185,56,0.303,40,0.216
13K054,138,48,0.348,35,0.254
13K056,223,129,0.578,105,0.471
13K067,182,52,0.286,35,0.192
13K093,138,31,0.225,24,0.174
13K113,266,136,0.511,111,0.417
13K133,570,373,0.654,325,0.57
13K256,197,42,0.213,28,0.142
13K265,276,148,0.536,128,0.464
13K266,109,61,0.56,49,0.45
13K270,75,27,0.36,17,0.227
13K282,418,255,0.61,235,0.562
13K287,108,26,0.241,15,0.139
13K301,76,29,0.382,23,0.303
13K307,284,122,0.43,96,0.338
13K313,264,158,0.598,143,0.542
13K350,126,80,0.635,75,0.595
13K351,193,118,0.611,105,0.544
13K412,529,314,0.594,262,0.495
13K419,508,345,0.679,319,0.628
13K430,5921,5428,0.917,5294,0.894
13K439,318,202,0.635,159,0.5
13K483,444,325,0.732,288,0.649
13K492,631,466,0.739,435,0.689
13K527,463,297,0.641,260,0.562
13K553,109,31,0.284,20,0.183
13K594,201,143,0.711,131,0.652
13K595,370,284,0.768,259,0.7
13K605,634,412,0.65,360,0.568
13K616,142,54,0.38,30,0.211
13K670,789,578,0.733,508,0.644
13K674,470,334,0.711,297,0.632
13K691,166,94,0.566,80,0.482
13K915,291,229,0.787,214,0.735
14K016,169,39,0.231,20,0.118
14K017,196,71,0.362,55,0.281
14K018,169,57,0.337,43,0.254
14K023,207,66,0.319,47,0.227
14K031,472,255,0.54,212,0.449
14K034,362,194,0.536,174,0.481
14K050,319,185,0.58,156,0.489
14K059,269,87,0.323,62,0.23
14K071,490,333,0.68,284,0.58
14K084,568,326,0.574,284,0.5
14K110,417,285,0.683,256,0.614
14K120,280,101,0.361,80,0.286
14K126,223,107,0.48,92,0.413
14K132,546,332,0.608,292,0.535
14K147,197,74,0.376,59,0.299
14K157,262,113,0.431,86,0.328
14K196,270,100,0.37,79,0.293
14K250,276,105,0.38,84,0.304
14K257,442,126,0.285,103,0.233
14K297,194,63,0.325,43,0.222
14K318,1154,852,0.738,767,0.665
14K319,72,21,0.292,13,0.181
14K380,368,124,0.337,89,0.242
14K414,509,301,0.591,255,0.501
14K449,836,750,0.897,734,0.878
14K454,386,265,0.687,237,0.614
14K474,402,283,0.704,232,0.577
14K477,417,270,0.647,226,0.542
14K478,532,373,0.701,329,0.618
14K488,538,387,0.719,343,0.638
14K558,583,416,0.714,376,0.645
14K561,659,507,0.769,464,0.704
14K577,435,253,0.582,215,0.494
14K582,321,176,0.548,152,0.474
14K586,395,245,0.62,202,0.511
14K610,343,231,0.673,209,0.609
14K614,339,233,0.687,204,0.602
14K685,210,133,0.633,113,0.538
15K001,803,360,0.448,281,0.35
15K010,825,697,0.845,648,0.785
15K015,340,167,0.491,136,0.4
15K024,481,205,0.426,161,0.335
15K029,699,612,0.876,581,0.831
15K032,393,278,0.707,257,0.654
15K038,443,277,0.625,258,0.582
15K039,341,302,0.886,279,0.818
15K051,1074,872,0.812,800,0.745
15K058,698,609,0.872,580,0.831
15K088,1135,877,0.773,802,0.707
15K094,1022,779,0.762,712,0.697
15K107,471,408,0.866,390,0.828
15K118,221,192,0.869,187,0.846
15K124,254,126,0.496,106,0.417
15K130,792,617,0.779,567,0.716
15K131,619,326,0.527,283,0.457
15K136,492,317,0.644,288,0.585
15K146,619,481,0.777,455,0.735
15K154,420,359,0.855,338,0.805
15K169,1028,699,0.68,643,0.625
15K172,494,265,0.536,217,0.439
15K230,918,557,0.607,443,0.483
15K261,595,434,0.729,399,0.671
15K295,264,173,0.655,158,0.598
15K321,1223,1134,0.927,1094,0.895
15K418,242,212,0.876,200,0.826
15K423,125,60,0.48,45,0.36
15K429,327,274,0.838,251,0.768
15K442,334,262,0.784,240,0.719
15K443,518,412,0.795,381,0.736
15K447,528,429,0.813,403,0.763
15K448,674,527,0.782,471,0.699
15K462,458,319,0.697,288,0.629
15K463,244,165,0.676,142,0.582
15K464,609,471,0.773,440,0.722
15K497,767,602,0.785,567,0.739
15K516,366,207,0.566,178,0.486
15K519,397,246,0.62,193,0.486
15K529,170,87,0.512,70,0.412
15K592,160,71,0.444,60,0.375
15K656,950,731,0.769,686,0.722
15K667,1359,1047,0.77,965,0.71
15K676,87,25,0.287,19,0.218
15K684,669,599,0.895,586,0.876
15K698,173,77,0.445,56,0.324
15K821,467,344,0.737,305,0.653
15K839,357,285,0.798,262,0.734
15K896,152,99,0.651,83,0.546
16K005,178,61,0.343,42,0.236
16K021,408,130,0.319,91,0.223
16K025,65,12,0.185,9,0.138
16K026,166,59,0.355,47,0.283
16K035,173,80,0.462,67,0.387
16K040,375,101,0.269,72,0.192
16K057,105,50,0.476,39,0.371
16K081,193,66,0.342,50,0.259
16K243,177,52,0.294,40,0.226
16K262,123,24,0.195,19,0.154
16K267,171,88,0.515,71,0.415
16K308,203,75,0.369,45,0.222
16K309,142,46,0.324,33,0.232
16K335,164,48,0.293,37,0.226
16K455,427,241,0.564,194,0.454
16K498,564,371,0.658,317,0.562
16K627,226,85,0.376,69,0.305
16K628,269,133,0.494,116,0.431
16K669,221,90,0.407,56,0.253
16K681,214,116,0.542,98,0.458
16K688,159,105,0.66,88,0.553
16K765,144,76,0.528,59,0.41
16K898,155,89,0.574,75,0.484
17K002,359,191,0.532,163,0.454
17K006,577,167,0.289,115,0.199
17K012,173,46,0.266,30,0.173
17K061,446,221,0.496,179,0.401
17K091,155,48,0.31,34,0.219
17K092,287,73,0.254,41,0.143
17K122,497,311,0.626,269,0.541
17K138,424,180,0.425,150,0.354
17K161,267,59,0.221,43,0.161
17K181,540,161,0.298,126,0.233
17K189,888,300,0.338,238,0.268
17K191,137,44,0.321,25,0.182
17K221,144,36,0.25,24,0.167
17K241,315,128,0.406,104,0.33
17K246,319,157,0.492,119,0.373
17K249,706,281,0.398,217,0.307
17K289,239,69,0.289,59,0.247
17K316,506,259,0.512,216,0.427
17K340,179,92,0.514,85,0.475
17K352,128,54,0.422,45,0.352
17K353,137,80,0.584,69,0.504
17K354,267,132,0.494,110,0.412
17K375,217,64,0.295,53,0.244
17K382,341,211,0.619,178,0.522
17K394,240,95,0.396,77,0.321
17K397,152,31,0.204,25,0.164
17K398,216,55,0.255,37,0.171
17K399,137,31,0.226,25,0.182
17K408,318,191,0.601,155,0.487
17K484,159,72,0.453,57,0.358
17K524,298,185,0.621,146,0.49
17K528,227,153,0.674,137,0.604
17K531,236,131,0.555,102,0.432
17K532,379,127,0.335,103,0.272
17K537,434,285,0.657,240,0.553
17K539,239,148,0.619,126,0.527
17K543,624,466,0.747,429,0.688
17K546,501,341,0.681,309,0.617
17K547,320,216,0.675,186,0.581
17K548,233,140,0.601,116,0.498
17K568,68,28,0.412,21,0.309
17K590,1398,985,0.705,907,0.649
17K600,1296,853,0.658,748,0.577
17K646,157,74,0.471,50,0.318
17K705,250,124,0.496,106,0.424
17K722,212,99,0.467,75,0.354
17K745,524,342,0.653,299,0.571
17K751,243,163,0.671,143,0.588
17K770,268,172,0.642,133,0.496
18K066,559,234,0.419,200,0.358
18K068,236,96,0.407,72,0.305
18K114,341,79,0.232,62,0.182
18K115,680,229,0.337,185,0.272
18K135,307,84,0.274,64,0.208
18K208,240,76,0.317,58,0.242
18K211,216,99,0.458,81,0.375
18K219,271,70,0.258,50,0.185
18K233,250,67,0.268,44,0.176
18K235,962,398,0.414,346,0.36
18K244,349,102,0.292,78,0.223
18K268,225,73,0.324,49,0.218
18K272,300,76,0.253,52,0.173
18K276,430,103,0.24,82,0.191
18K279,238,79,0.332,62,0.261
18K285,584,322,0.551,277,0.474
18K366,351,172,0.49,144,0.41
18K563,383,237,0.619,198,0.517
18K566,210,129,0.614,116,0.552
18K567,199,142,0.714,126,0.633
18K569,167,85,0.509,70,0.419
18K576,240,162,0.675,142,0.592
18K578,137,51,0.372,34,0.248
18K581,168,75,0.446,57,0.339
18K588,164,83,0.506,68,0.415
18K617,249,173,0.695,147,0.59
18K629,207,125,0.604,106,0.512
18K633,434,286,0.659,253,0.583
18K635,160,55,0.344,36,0.225
18K637,346,218,0.63,199,0.575
18K642,139,75,0.54,65,0.468
18K673,160,66,0.413,38,0.238
18K763,344,185,0.538,165,0.48
19K007,619,239,0.386,182,0.294
19K013,335,79,0.236,55,0.164
19K065,459,167,0.364,134,0.292
19K089,426,211,0.495,167,0.392
19K108,676,255,0.377,184,0.272
19K149,419,120,0.286,84,0.2
19K158,370,115,0.311,69,0.186
19K159,594,300,0.505,249,0.419
19K171,308,189,0.614,158,0.513
19K190,119,33,0.277,24,0.202
19K202,219,60,0.274,37,0.169
19K213,190,50,0.263,32,0.168
19K214,698,338,0.484,274,0.393
19K218,322,158,0.491,124,0.385
19K224,253,63,0.249,38,0.15
19K273,263,83,0.316,50,0.19
19K290,346,108,0.312,81,0.234
19K292,405,215,0.531,187,0.462
19K306,227,77,0.339,55,0.242
19K325,134,31,0.231,20,0.149
19K328,220,40,0.182,26,0.118
19K345,475,146,0.307,101,0.213
19K346,404,141,0.349,113,0.28
19K364,180,91,0.506,79,0.439
19K404,513,318,0.62,273,0.532
19K409,607,391,0.644,336,0.554
19K422,487,294,0.604,253,0.52
19K452,214,113,0.528,102,0.477
19K502,241,174,0.722,156,0.647
19K504,159,111,0.698,102,0.642
19K507,320,206,0.644,187,0.584
19K510,144,95,0.66,79,0.549
19K557,245,65,0.265,48,0.196
19K583,342,241,0.705,198,0.579
19K615,774,523,0.676,462,0.597
19K618,400,289,0.723,260,0.65
19K639,330,225,0.682,201,0.609
19K654,240,115,0.479,90,0.375
19K659,364,267,0.734,240,0.659
19K660,374,212,0.567,183,0.489
19K661,463,267,0.577,230,0.497
19K662,483,284,0.588,237,0.491
19K663,98,39,0.398,26,0.265
19K677,381,102,0.268,83,0.218
19K678,245,121,0.494,94,0.384
19K683,251,147,0.586,122,0.486
19K760,293,190,0.648,167,0.57
19K764,338,234,0.692,215,0.636
19K907,150,68,0.453,53,0.353
19K935,94,36,0.383,29,0.309
19K938,69,22,0.319,15,0.217
19K953,139,89,0.64,75,0.54
20K030,963,441,0.458,383,0.398
20K048,494,235,0.476,205,0.415
20K062,969,555,0.573,481,0.496
20K069,643,537,0.835,482,0.75
20K102,1185,570,0.481,491,0.414
20K104,1113,618,0.555,553,0.497
20K105,1278,1083,0.847,995,0.779
20K112,698,334,0.479,283,0.405
20K127,542,280,0.517,238,0.439
20K160,991,814,0.821,753,0.76
20K163,608,315,0.518,281,0.462
20K164,539,290,0.538,248,0.46
20K170,928,535,0.577,465,0.501
20K176,1116,746,0.668,655,0.587
20K179,674,280,0.415,237,0.352
20K180,932,559,0.6,495,0.531
20K185,560,238,0.425,201,0.359
20K186,1017,425,0.418,370,0.364
20K187,920,783,0.851,753,0.818
20K192,567,207,0.365,172,0.303
20K200,1259,337,0.268,286,0.227
20K201,1552,1183,0.762,1120,0.722
20K204,1034,581,0.562,531,0.514
20K205,1127,670,0.594,596,0.529
20K220,1262,1021,0.809,933,0.739
20K223,783,536,0.685,490,0.626
20K227,1520,1155,0.76,1075,0.707
20K229,1171,782,0.668,731,0.624
20K247,752,431,0.573,380,0.505
20K259,1535,1133,0.738,1073,0.699
20K264,363,141,0.388,107,0.295
20K310,475,382,0.804,360,0.758
20K445,3198,2459,0.769,2310,0.722
20K485,1261,1025,0.813,969,0.768
20K490,4054,3252,0.802,3071,0.758
20K503,737,366,0.497,307,0.417
20K505,3177,2288,0.72,2099,0.661
20K506,528,283,0.536,231,0.438
20K609,536,395,0.737,359,0.67
20K682,342,159,0.465,147,0.43
20K686,465,265,0.57,241,0.518
20K748,455,206,0.453,180,0.396
20K936,299,200,0.669,176,0.589
20K939,112,49,0.438,40,0.357
20K971,227,137,0.604,122,0.537
21K090,442,126,0.285,93,0.21
21K095,934,460,0.493,407,0.436
21K096,823,448,0.544,403,0.49
21K097,716,398,0.556,358,0.5
21K098,1522,788,0.518,729,0.479
21K099,784,235,0.3,201,0.256
21K100,618,79,0.128,65,0.105
21K101,971,521,0.537,481,0.495
21K121,323,137,0.424,115,0.356
21K128,435,131,0.301,103,0.237
21K153,493,148,0.3,124,0.252
21K177,824,287,0.348,231,0.28
21K188,246,63,0.256,53,0.215
21K199,497,114,0.229,90,0.181
21K209,646,233,0.361,196,0.303
21K212,561,239,0.426,198,0.353
21K215,661,245,0.371,211,0.319
21K216,620,147,0.237,122,0.197
21K225,882,243,0.276,191,0.217
21K226,865,394,0.455,341,0.394
21K228,1531,811,0.53,743,0.485
21K238,538,174,0.323,142,0.264
21K239,1231,810,0.658,763,0.62
21K253,825,261,0.316,212,0.257
21K281,1180,700,0.593,631,0.535
21K288,532,192,0.361,147,0.276
21K303,427,192,0.45,175,0.41
21K329,300,77,0.257,49,0.163
21K337,346,209,0.604,172,0.497
21K344,594,330,0.556,288,0.485
21K348,325,181,0.557,157,0.483
21K410,1930,1304,0.676,1154,0.598
21K468,726,506,0.697,446,0.614
21K525,3613,2778,0.769,2618,0.725
21K540,2167,1552,0.716,1415,0.653
21K559,266,163,0.613,131,0.492
21K572,385,280,0.727,253,0.657
21K620,580,395,0.681,336,0.579
21K690,923,524,0.568,478,0.518
21K728,203,81,0.399,56,0.276
22K014,480,203,0.423,172,0.358
22K052,655,127,0.194,101,0.154
22K078,510,263,0.516,235,0.461
22K109,480,183,0.381,137,0.285
22K119,363,156,0.43,121,0.333
22K134,510,143,0.28,126,0.247
22K139,713,436,0.612,373,0.523
22K152,491,180,0.367,151,0.308
22K193,452,149,0.33,126,0.279
22K194,462,134,0.29,100,0.216
22K195,310,55,0.177,48,0.155
22K197,814,168,0.206,135,0.166
22K198,266,90,0.338,58,0.218
22K203,471,128,0.272,97,0.206
22K206,1474,671,0.455,609,0.413
22K207,914,418,0.457,364,0.398
22K217,867,347,0.4,299,0.345
22K222,700,292,0.417,260,0.371
22K234,1285,661,0.514,592,0.461
22K236,485,144,0.297,134,0.276
22K240,502,277,0.552,234,0.466
22K245,229,88,0.384,73,0.319
22K251,310,92,0.297,71,0.229
22K254,622,179,0.288,150,0.241
22K255,771,214,0.278,185,0.24
22K277,326,114,0.35,99,0.304
22K278,1194,670,0.561,618,0.518
22K312,583,183,0.314,152,0.261
22K315,513,203,0.396,160,0.312
22K326,102,30,0.294,22,0.216
22K361,415,133,0.32,97,0.234
22K381,323,182,0.563,146,0.452
22K405,3963,3168,0.799,3019,0.762
22K425,3460,2262,0.654,2105,0.608
22K535,956,734,0.768,692,0.724
22K555,641,530,0.827,507,0.791
22K611,415,244,0.588,215,0.518
22K630,153,77,0.503,60,0.392
22K889,291,175,0.601,146,0.502
22K890,283,186,0.657,162,0.572
23K041,248,101,0.407,66,0.266
23K137,125,40,0.32,29,0.232
23K150,141,33,0.234,24,0.17
23K155,299,120,0.401,80,0.268
23K156,446,136,0.305,101,0.226
23K165,159,31,0.195,19,0.119
23K178,241,85,0.353,72,0.299
23K184,411,131,0.319,102,0.248
23K284,206,42,0.204,25,0.121
23K298,250,77,0.308,48,0.192
23K323,464,141,0.304,96,0.207
23K327,188,46,0.245,25,0.133
23K363,262,120,0.458,88,0.336
23K392,328,192,0.585,167,0.509
23K401,205,60,0.293,41,0.2
23K446,238,64,0.269,37,0.155
23K493,383,237,0.619,193,0.504
23K514,163,103,0.632,86,0.528
23K518,97,48,0.495,38,0.392
23K522,96,44,0.458,39,0.406
23K599,350,108,0.309,84,0.24
23K643,139,47,0.338,35,0.252
23K644,587,320,0.545,267,0.455
23K647,191,69,0.361,40,0.209
23K664,153,64,0.418,50,0.327
23K668,123,50,0.407,37,0.301
23K671,182,89,0.489,72,0.396
23K697,169,89,0.527,69,0.408
24Q005,1563,1248,0.798,1143,0.731
24Q007,1139,788,0.692,705,0.619
24Q012,936,625,0.668,536,0.573
24Q013,1083,635,0.586,536,0.495
24Q014,1131,593,0.524,430,0.38
24Q016,1158,600,0.518,474,0.409
24Q019,1621,933,0.576,721,0.445
24Q028,366,168,0.459,127,0.347
24Q049,1160,589,0.508,526,0.453
24Q058,808,479,0.593,402,0.498
24Q061,2097,1592,0.759,1393,0.664
24Q068,446,194,0.435,146,0.327
24Q071,532,177,0.333,135,0.254
24Q073,1966,1496,0.761,1367,0.695
24Q077,726,496,0.683,427,0.588
24Q081,641,297,0.463,219,0.342
24Q087,492,224,0.455,203,0.413
24Q088,619,209,0.338,176,0.284
24Q089,1382,906,0.656,730,0.528
24Q091,703,215,0.306,168,0.239
24Q093,1019,666,0.654,576,0.565
24Q102,1201,877,0.73,804,0.669
24Q110,912,480,0.526,364,0.399
24Q113,771,328,0.425,282,0.366
24Q119,1206,704,0.584,647,0.536
24Q125,1517,1173,0.773,1065,0.702
24Q128,673,240,0.357,210,0.312
24Q143,1376,758,0.551,600,0.436
24Q153,802,398,0.496,343,0.428
24Q199,512,296,0.578,243,0.475
24Q211,738,379,0.514,278,0.377
24Q229,1152,699,0.607,610,0.53
24Q236,264,208,0.788,172,0.652
24Q239,417,156,0.374,114,0.273
24Q264,765,645,0.843,619,0.809
24Q267,384,304,0.792,293,0.763
24Q290,530,277,0.523,244,0.46
24Q293,621,536,0.863,511,0.823
24Q296,394,313,0.794,257,0.652
24Q299,669,602,0.9,581,0.868
24Q305,446,213,0.478,157,0.352
24Q307,764,386,0.505,294,0.385
24Q311,756,590,0.78,522,0.69
24Q330,454,213,0.469,151,0.333
24Q343,447,320,0.716,289,0.647
24Q455,1664,1330,0.799,1192,0.716
24Q485,1405,1014,0.722,915,0.651
24Q520,492,426,0.866,412,0.837
24Q530,493,407,0.826,360,0.73
24Q550,762,631,0.828,601,0.789
24Q560,602,490,0.814,461,0.766
24Q585,1083,900,0.831,852,0.787
24Q600,1418,1217,0.858,1158,0.817
24Q610,1906,1653,0.867,1593,0.836
24Q744,204,105,0.515,58,0.284
25Q020,1011,760,0.752,665,0.658
25Q021,1076,697,0.648,600,0.558
25Q022,740,512,0.692,447,0.604
25Q024,1032,830,0.804,772,0.748
25Q025,1008,814,0.808,771,0.765
25Q029,695,362,0.521,285,0.41
25Q032,873,653,0.748,587,0.672
25Q079,1023,698,0.682,619,0.605
25Q107,828,551,0.665,491,0.593
25Q120,680,515,0.757,449,0.66
25Q129,1089,596,0.547,490,0.45
25Q130,364,250,0.687,237,0.651
25Q154,553,277,0.501,231,0.418
25Q163,737,559,0.758,502,0.681
25Q164,545,263,0.483,232,0.426
25Q165,609,299,0.491,254,0.417
25Q169,362,226,0.624,210,0.58
25Q184,465,277,0.596,252,0.542
25Q185,1329,1026,0.772,955,0.719
25Q189,644,533,0.828,500,0.776
25Q193,529,212,0.401,185,0.35
25Q194,1012,743,0.734,702,0.694
25Q200,467,225,0.482,194,0.415
25Q201,363,132,0.364,100,0.275
25Q209,504,331,0.657,295,0.585
25Q214,342,225,0.658,207,0.605
25Q219,558,357,0.64,336,0.602
25Q237,1210,1001,0.827,932,0.77
25Q240,597,504,0.844,478,0.801
25Q241,449,401,0.893,382,0.851
25Q242,315,224,0.711,200,0.635
25Q244,420,344,0.819,318,0.757
25Q250,331,209,0.631,185,0.559
25Q252,574,429,0.747,409,0.713
25Q263,407,319,0.784,275,0.676
25Q281,651,578,0.888,560,0.86
25Q285,631,461,0.731,441,0.699
25Q294,350,262,0.749,246,0.703
25Q379,471,351,0.745,315,0.669
25Q425,3013,2382,0.791,2167,0.719
25Q460,1432,1157,0.808,1067,0.745
25Q499,489,347,0.71,309,0.632
25Q525,1344,1237,0.92,1203,0.895
25Q540,303,141,0.465,91,0.3
25Q670,565,429,0.759,394,0.697
25Q792,131,61,0.466,41,0.313
26Q018,368,231,0.628,191,0.519
26Q026,602,320,0.532,263,0.437
26Q031,406,255,0.628,226,0.557
26Q041,399,280,0.702,260,0.652
26Q046,452,291,0.644,257,0.569
26Q067,994,795,0.8,746,0.751
26Q074,1011,847,0.838,814,0.805
26Q094,300,208,0.693,186,0.62
26Q098,215,124,0.577,108,0.502
26Q115,611,414,0.678,363,0.594
26Q133,530,325,0.613,291,0.549
26Q158,812,676,0.833,638,0.786
26Q159,570,397,0.696,370,0.649
26Q162,547,373,0.682,345,0.631
26Q172,880,681,0.774,640,0.727
26Q173,881,563,0.639,506,0.574
26Q178,462,129,0.279,107,0.232
26Q186,348,207,0.595,177,0.509
26Q188,635,452,0.712,422,0.665
26Q191,332,173,0.521,143,0.431
26Q203,726,539,0.742,480,0.661
26Q205,232,144,0.621,127,0.547
26Q213,356,194,0.545,173,0.486
26Q216,1432,1147,0.801,1077,0.752
26Q221,535,323,0.604,288,0.538
26Q266,521,314,0.603,281,0.539
26Q315,522,416,0.797,393,0.753
26Q376,314,239,0.761,208,0.662
26Q390,50,23,0.46,18,0.36
26Q415,3263,2659,0.815,2505,0.768
26Q430,4217,3617,0.858,3467,0.822
26Q435,1105,838,0.758,750,0.679
26Q495,2799,2386,0.852,2282,0.815
26Q566,903,695,0.77,633,0.701
27Q042,525,159,0.303,113,0.215
27Q043,674,208,0.309,135,0.2
27Q045,232,64,0.276,44,0.19
27Q047,225,80,0.356,67,0.298
27Q051,156,46,0.295,35,0.224
27Q053,214,93,0.435,71,0.332
27Q056,310,139,0.448,105,0.339
27Q060,898,432,0.481,348,0.388
27Q062,785,404,0.515,312,0.397
27Q063,933,465,0.498,386,0.414
27Q064,447,266,0.595,239,0.535
27Q065,345,156,0.452,136,0.394
27Q066,418,202,0.483,159,0.38
27Q090,553,250,0.452,198,0.358
27Q096,267,115,0.431,97,0.363
27Q097,566,261,0.461,202,0.357
27Q100,681,351,0.515,270,0.396
27Q104,530,136,0.257,97,0.183
27Q105,649,256,0.394,198,0.305
27Q106,136,25,0.184,19,0.14
27Q108,1124,558,0.496,462,0.411
27Q114,549,181,0.33,160,0.291
27Q123,500,199,0.398,160,0.32
27Q124,990,558,0.564,480,0.485
27Q137,1781,1297,0.728,1172,0.658
27Q146,486,212,0.436,189,0.389
27Q155,453,197,0.435,157,0.347
27Q183,406,145,0.357,112,0.276
27Q197,358,101,0.282,74,0.207
27Q202,888,636,0.716,589,0.663
27Q207,566,174,0.307,153,0.27
27Q210,1543,1077,0.698,959,0.622
27Q223,423,169,0.4,132,0.312
27Q226,871,578,0.664,503,0.577
27Q232,818,357,0.436,317,0.388
27Q253,456,116,0.254,88,0.193
27Q254,468,213,0.455,162,0.346
27Q260,276,148,0.536,116,0.42
27Q261,227,110,0.485,78,0.344
27Q262,1176,818,0.696,750,0.638
27Q273,293,145,0.495,121,0.413
27Q282,260,163,0.627,136,0.523
27Q297,384,264,0.688,239,0.622
27Q302,478,299,0.626,272,0.569
27Q306,327,158,0.483,126,0.385
27Q308,584,460,0.788,435,0.745
27Q309,668,408,0.611,345,0.516
27Q314,397,311,0.783,291,0.733
27Q316,385,193,0.501,169,0.439
27Q317,438,201,0.459,171,0.39
27Q318,165,110,0.667,93,0.564
27Q319,314,150,0.478,120,0.382
27Q323,1149,878,0.764,822,0.715
27Q324,252,132,0.524,109,0.433
27Q333,323,141,0.437,117,0.362
27Q334,403,327,0.811,301,0.747
27Q351,275,149,0.542,124,0.451
27Q362,415,118,0.284,91,0.219
27Q377,309,117,0.379,86,0.278
27Q400,466,300,0.644,256,0.549
27Q475,1606,1256,0.782,1157,0.72
27Q480,2315,1709,0.738,1560,0.674
27Q650,1096,927,0.846,889,0.811
28Q008,410,252,0.615,216,0.527
28Q040,321,143,0.445,112,0.349
28Q048,413,172,0.416,127,0.308
28Q050,694,322,0.464,261,0.376
28Q054,431,207,0.48,167,0.387
28Q055,415,222,0.535,188,0.453
28Q072,258,133,0.516,105,0.407
28Q080,337,86,0.255,65,0.193
28Q082,572,230,0.402,180,0.315
28Q086,615,313,0.509,268,0.436
28Q099,676,316,0.467,255,0.377
28Q101,509,354,0.695,336,0.66
28Q117,741,301,0.406,254,0.343
28Q121,699,338,0.484,280,0.401
28Q139,574,215,0.375,185,0.322
28Q140,358,86,0.24,58,0.162
28Q144,758,566,0.747,518,0.683
28Q157,1549,921,0.595,862,0.556
28Q160,534,200,0.375,161,0.301
28Q161,489,265,0.542,219,0.448
28Q167,828,674,0.814,653,0.789
28Q174,552,329,0.596,303,0.549
28Q175,622,223,0.359,197,0.317
28Q182,587,284,0.484,242,0.412
28Q190,1074,750,0.698,699,0.651
28Q196,804,546,0.679,515,0.641
28Q206,471,162,0.344,131,0.278
28Q217,1464,991,0.677,885,0.605
28Q220,554,203,0.366,179,0.323
28Q284,594,491,0.827,460,0.774
28Q287,361,229,0.634,200,0.554
28Q303,365,237,0.649,214,0.586
28Q310,633,459,0.725,417,0.659
28Q312,225,77,0.342,58,0.258
28Q325,413,306,0.741,286,0.692
28Q328,453,368,0.812,355,0.784
28Q332,219,129,0.589,113,0.516
28Q338,137,84,0.613,62,0.453
28Q349,543,338,0.622,286,0.527
28Q350,509,409,0.804,378,0.743
28Q354,454,134,0.295,97,0.214
28Q358,342,257,0.751,235,0.687
28Q440,3555,2704,0.761,2563,0.721
28Q505,2488,1945,0.782,1776,0.714
28Q620,2218,1950,0.879,1882,0.849
28Q680,681,579,0.85,557,0.818
28Q686,1016,742,0.73,692,0.681
28Q687,518,490,0.946,483,0.932
28Q690,374,259,0.693,231,0.618
28Q896,547,452,0.826,432,0.79
29Q015,332,103,0.31,77,0.232
29Q033,763,400,0.524,325,0.426
29Q034,464,139,0.3,99,0.213
29Q035,554,221,0.399,168,0.303
29Q036,278,79,0.284,61,0.219
29Q037,269,63,0.234,42,0.156
29Q038,255,71,0.278,54,0.212
29Q052,268,66,0.246,48,0.179
29Q059,440,233,0.53,194,0.441
29Q095,1196,639,0.534,510,0.426
29Q109,1006,685,0.681,626,0.622
29Q116,741,300,0.405,246,0.332
29Q118,333,110,0.33,86,0.258
29Q131,667,466,0.699,407,0.61
29Q132,293,81,0.276,61,0.208
29Q134,298,101,0.339,82,0.275
29Q135,688,318,0.462,255,0.371
29Q136,409,126,0.308,103,0.252
29Q138,559,187,0.335,143,0.256
29Q147,418,176,0.421,154,0.368
29Q156,147,39,0.265,26,0.177
29Q176,563,200,0.355,167,0.297
29Q181,266,75,0.282,48,0.18
29Q192,401,189,0.471,160,0.399
29Q195,307,77,0.251,59,0.192
29Q208,646,346,0.536,296,0.458
29Q238,1043,684,0.656,591,0.567
29Q243,462,327,0.708,287,0.621
29Q248,255,155,0.608,121,0.475
29Q251,239,66,0.276,48,0.201
29Q259,611,422,0.691,380,0.622
29Q265,381,220,0.577,188,0.493
29Q268,606,316,0.521,266,0.439
29Q270,646,276,0.427,240,0.372
29Q272,387,275,0.711,240,0.62
29Q283,542,310,0.572,262,0.483
29Q289,182,84,0.462,67,0.368
29Q295,509,236,0.464,196,0.385
29Q313,390,258,0.662,230,0.59
29Q326,345,255,0.739,233,0.675
29Q327,389,248,0.638,215,0.553
29Q355,373,173,0.464,149,0.399
29Q356,313,154,0.492,131,0.419
29Q360,284,95,0.335,83,0.292
29Q492,373,235,0.63,206,0.552
29Q498,458,320,0.699,281,0.614
30Q002,513,185,0.361,146,0.285
30Q010,747,514,0.688,464,0.621
30Q011,730,477,0.653,399,0.547
30Q017,507,248,0.489,210,0.414
30Q069,776,577,0.744,525,0.677
30Q070,698,300,0.43,232,0.332
30Q076,341,152,0.446,117,0.343
30Q078,681,543,0.797,505,0.742
30Q084,238,114,0.479,92,0.387
30Q085,552,283,0.513,241,0.437
30Q092,739,403,0.545,298,0.403
30Q111,282,102,0.362,64,0.227
30Q112,328,132,0.402,109,0.332
30Q122,1141,682,0.598,630,0.552
30Q126,466,329,0.706,296,0.635
30Q127,1028,582,0.566,467,0.454
30Q141,1099,689,0.627,620,0.564
30Q145,1554,1195,0.769,1079,0.694
30Q148,672,363,0.54,288,0.429
30Q149,796,453,0.569,357,0.448
30Q150,791,527,0.666,482,0.609
30Q151,247,93,0.377,64,0.259
30Q152,684,449,0.656,393,0.575
30Q166,748,493,0.659,434,0.58
30Q171,340,135,0.397,107,0.315
30Q204,381,263,0.69,231,0.606
30Q212,652,451,0.692,380,0.583
30Q222,193,118,0.611,106,0.549
30Q227,1492,1132,0.759,1066,0.714
30Q228,192,100,0.521,70,0.365
30Q230,1087,895,0.823,827,0.761
30Q234,366,178,0.486,152,0.415
30Q235,134,79,0.59,65,0.485
30Q258,524,449,0.857,419,0.8
30Q280,522,283,0.542,214,0.41
30Q286,573,483,0.843,455,0.794
30Q291,374,311,0.832,287,0.767
30Q300,478,412,0.862,395,0.826
30Q301,514,417,0.811,390,0.759
30Q329,437,212,0.485,169,0.387
30Q361,423,300,0.709,251,0.593
30Q384,225,187,0.831,170,0.756
30Q398,193,106,0.549,94,0.487
30Q445,2041,1614,0.791,1487,0.729
30Q450,2011,1596,0.794,1471,0.731
30Q501,857,771,0.9,741,0.865
30Q502,875,729,0.833,678,0.775
30Q555,920,646,0.702,520,0.565
30Q575,1193,987,0.827,950,0.796
30Q580,524,463,0.884,455,0.868
31R001,374,50,0.134,41,0.11
31R002,946,531,0.561,471,0.498
31R003,606,120,0.198,101,0.167
31R004,657,193,0.294,170,0.259
31R005,301,58,0.193,49,0.163
31R006,438,81,0.185,67,0.153
31R007,1163,435,0.374,391,0.336
31R008,524,173,0.33,150,0.286
31R009,255,90,0.353,76,0.298
31R010,172,31,0.18,22,0.128
31R011,270,72,0.267,53,0.196
31R013,770,295,0.383,242,0.314
31R016,380,128,0.337,86,0.226
31R018,359,110,0.306,79,0.22
31R019,408,146,0.358,110,0.27
31R020,378,109,0.288,73,0.193
31R021,332,89,0.268,61,0.184
31R022,753,226,0.3,172,0.228
31R023,550,163,0.296,131,0.238
31R024,1294,562,0.434,518,0.4
31R026,268,84,0.313,73,0.272
31R027,983,565,0.575,467,0.475
31R028,309,168,0.544,139,0.45
31R029,573,174,0.304,145,0.253
31R030,678,203,0.299,184,0.271
31R031,308,81,0.263,42,0.136
31R032,605,169,0.279,139,0.23
31R034,988,355,0.359,324,0.328
31R035,383,148,0.386,122,0.319
31R036,734,145,0.198,129,0.176
31R038,345,152,0.441,127,0.368
31R039,478,216,0.452,185,0.387
31R041,613,245,0.4,208,0.339
31R042,961,259,0.27,229,0.238
31R044,542,127,0.234,76,0.14
31R045,787,303,0.385,236,0.3
31R046,179,38,0.212,30,0.168
31R047,519,400,0.771,391,0.753
31R048,933,414,0.444,378,0.405
31R049,573,273,0.476,210,0.366
31R050,665,229,0.344,196,0.295
31R051,1333,657,0.493,557,0.418
31R052,547,210,0.384,168,0.307
31R053,737,261,0.354,221,0.3
31R054,722,301,0.417,249,0.345
31R055,498,94,0.189,71,0.143
31R056,572,100,0.175,89,0.156
31R057,466,150,0.322,86,0.185
31R058,642,247,0.385,209,0.326
31R059,235,99,0.421,83,0.353
31R060,679,192,0.283,166,0.244
31R061,995,523,0.526,436,0.438
31R062,443,101,0.228,86,0.194
31R063,447,273,0.611,250,0.559
31R064,427,321,0.752,295,0.691
31R065,350,138,0.394,115,0.329
31R068,374,116,0.31,89,0.238
31R069,826,340,0.412,279,0.338
31R072,1498,866,0.578,802,0.535
31R074,258,85,0.329,59,0.229
31R075,1358,584,0.43,542,0.399
31R078,568,171,0.301,111,0.195
31R080,1368,733,0.536,646,0.472
31R440,3138,2102,0.67,1921,0.612
31R445,1651,1135,0.687,995,0.603
31R450,2178,1626,0.747,1463,0.672
31R455,3725,2248,0.603,2087,0.56
31R460,3160,2322,0.735,2157,0.683
31R470,173,84,0.486,53,0.306
31R600,731,484,0.662,434,0.594
31R605,1351,1223,0.905,1191,0.882
31R861,849,307,0.362,241,0.284
32K045,503,187,0.372,134,0.266
32K075,230,79,0.343,56,0.243
32K086,372,143,0.384,107,0.288
32K106,314,132,0.42,100,0.318
32K116,336,132,0.393,83,0.247
32K123,492,215,0.437,166,0.337
32K145,422,165,0.391,132,0.313
32K151,275,99,0.36,70,0.255
32K162,302,198,0.656,166,0.55
32K168,359,261,0.727,229,0.638
32K274,338,124,0.367,96,0.284
32K291,297,171,0.576,134,0.451
32K299,176,58,0.33,33,0.188
32K347,292,162,0.555,132,0.452
32K349,251,143,0.57,125,0.498
32K376,471,231,0.49,182,0.386
32K377,135,45,0.333,31,0.23
32K383,862,559,0.648,509,0.59
32K384,362,143,0.395,110,0.304
32K403,259,176,0.68,144,0.556
32K545,447,321,0.718,260,0.582
32K549,292,172,0.589,136,0.466
32K552,390,288,0.738,247,0.633
32K554,406,334,0.823,309,0.761
32K556,381,264,0.693,231,0.606
32K562,351,224,0.638,193,0.55
32K564,104,51,0.49,34,0.327
75K004,371,108,0.291,81,0.218
75K036,394,159,0.404,129,0.327
75K053,440,244,0.555,201,0.457
75K077,295,149,0.505,127,0.431
75K140,337,141,0.418,108,0.32
75K141,371,136,0.367,112,0.302
75K231,305,147,0.482,126,0.413
75K368,237,122,0.515,99,0.418
75K369,489,244,0.499,208,0.425
75K370,245,128,0.522,111,0.453
75K371,208,126,0.606,104,0.5
75K372,178,117,0.657,106,0.596
75K373,473,272,0.575,222,0.469
75K396,470,153,0.326,114,0.243
75K721,473,271,0.573,215,0.455
75K753,349,154,0.441,118,0.338
75K771,497,220,0.443,188,0.378
75K811,316,178,0.563,136,0.43
75M035,262,172,0.656,146,0.557
75M079,278,172,0.619,128,0.46
75M094,390,201,0.515,177,0.454
75M138,649,302,0.465,258,0.398
75M169,323,145,0.449,111,0.344
75M226,257,143,0.556,111,0.432
75M721,205,137,0.668,107,0.522
75M751,223,145,0.65,121,0.543
75M811,410,195,0.476,160,0.39
75Q004,482,233,0.483,204,0.423
75Q009,683,335,0.49,297,0.435
75Q023,280,188,0.671,171,0.611
75Q075,578,291,0.503,240,0.415
75Q177,502,351,0.699,280,0.558
75Q224,342,191,0.558,164,0.48
75Q233,509,294,0.578,238,0.468
75Q255,484,221,0.457,189,0.39
75Q256,506,198,0.391,158,0.312
75Q277,680,370,0.544,310,0.456
75Q721,496,375,0.756,297,0.599
75Q752,411,278,0.676,224,0.545
75Q811,441,267,0.605,225,0.51
75Q993,593,343,0.578,286,0.482
75R025,536,296,0.552,248,0.463
75R037,444,152,0.342,128,0.288
75R373,585,200,0.342,142,0.243
75R721,442,274,0.62,224,0.507
75X010,666,269,0.404,219,0.329
75X012,296,193,0.652,150,0.507
75X017,508,234,0.461,192,0.378
75X168,575,244,0.424,197,0.343
75X176,560,356,0.636,295,0.527
75X186,670,269,0.401,210,0.313
75X188,517,251,0.485,193,0.373
75X352,502,206,0.41,154,0.307
75X469,520,233,0.448,186,0.358
75X596,360,127,0.353,98,0.272
75X721,544,365,0.671,300,0.551
75X723,436,202,0.463,162,0.372
75X754,430,249,0.579,174,0.405
75X811,603,409,0.678,335,0.556
Total,822865,495740,0.602,434618,0.528
